{
  "version": "3.42.22792.0",
  "scenes": [
    {
      "title": "Untitled Scene"
    }
  ],
  "slides": [
    {
      "id": "6cKucBvHj09",
      "title": "Untitled Slide",
      "scene_index": "1.1"
    },
    {
      "id": "5pu9VeuPdpz",
      "title": "Untitled Slide",
      "scene_index": "1.2"
    },
    {
      "id": "6N7BAiHkCc2",
      "title": "Untitled Slide",
      "scene_index": "1.3"
    }
  ],
  "player": {
    "name": "unified",
    "width": 1940,
    "height": 1100
  },
  "stage": {
    "width": 1920,
    "height": 1080
  }
}